config,n_both,r2w,w2r,r2w_ratio,w2r_ratio,net_flip_ratio,mcnemar_b,mcnemar_c,mcnemar_stat,mcnemar_p,mcnemar_p_holm
typo25_real10,485,26,30,0.0536,0.0619,-0.0082,26,30,0.161,0.6885,1.0
typo25_real40,486,27,32,0.0556,0.0658,-0.0103,27,32,0.271,0.602537,1.0
typo25_real70,487,41,26,0.0842,0.0534,0.0308,41,26,2.925,0.0871971,0.435985
typo50_real10,482,42,28,0.0871,0.0581,0.029,42,28,2.414,0.120233,0.480931
typo50_real40,486,42,25,0.0864,0.0514,0.035,42,25,3.821,0.0506172,0.303703
typo50_real70,482,44,30,0.0913,0.0622,0.029,44,30,2.284,0.130733,0.480931
typo75_real10,484,56,35,0.1157,0.0723,0.0434,56,35,4.396,0.0360317,0.252222
typo75_real40,482,65,28,0.1349,0.0581,0.0768,65,28,13.935,0.000189193,0.00151354
typo75_real70,483,76,25,0.1573,0.0518,0.1056,76,25,24.752,6.5185e-07,5.86665e-06
