config,misread_correct,misread_wrong,wrong_over_correct,misread_n_correct,words_correct,misread_n_wrong,words_wrong
typo25_real10,0.0133,0.0043,0.323,22,1658,1,233
typo25_real40,0.0122,0.0343,2.805,20,1634,8,233
typo25_real70,0.0125,0.034,2.713,20,1597,7,206
typo50_real10,0.0123,0.025,2.039,41,3344,10,400
typo50_real40,0.0199,0.0275,1.379,62,3113,15,546
typo50_real70,0.0211,0.0528,2.504,64,3033,28,530
typo75_real10,0.0165,0.0335,2.034,71,4310,40,1194
typo75_real40,0.0164,0.0477,2.901,71,4322,51,1070
typo75_real70,0.0313,0.0571,1.825,126,4025,72,1260
