config,n_corrupt_words,n_excluded,silent_fix_n,flagged_n,misread_n,not_used_n,silent_fix_frac,flagged_frac,misread_frac,not_used_frac
typo25_real10,1891,11,1470,33,23,365,0.7774,0.0175,0.0122,0.193
typo25_real40,1867,54,1391,61,28,387,0.745,0.0327,0.015,0.2073
typo25_real70,1803,98,1352,101,27,323,0.7499,0.056,0.015,0.1791
typo50_real10,3744,22,2812,136,51,745,0.7511,0.0363,0.0136,0.199
typo50_real40,3659,107,2606,220,77,756,0.7122,0.0601,0.021,0.2066
typo50_real70,3563,193,2512,245,92,714,0.705,0.0688,0.0258,0.2004
typo75_real10,5504,46,3888,417,111,1088,0.7064,0.0758,0.0202,0.1977
typo75_real40,5392,169,3769,395,122,1106,0.699,0.0733,0.0226,0.2051
typo75_real70,5285,318,3441,581,198,1065,0.6511,0.1099,0.0375,0.2015
